<?xml version="1.0" encoding="utf-8" ?>
<Defs>
  <SquadBehaviour.SquadOrderDef>
    <defName>AttackOrder</defName>
    <label>Order : Attack</label>
    <uiIconPath>AttackOrderUIIcon</uiIconPath>
    <workerClass>SquadBehaviour.SquadOrder_Attack</workerClass>
    <requiresTarget>true</requiresTarget>
    <targetingParameters>
      <canTargetPawns>true</canTargetPawns>
      <canTargetBuildings>true</canTargetBuildings>
      <canTargetAnimals>true</canTargetAnimals>
      <mapObjectTargetsMustBeAutoAttackable>true</mapObjectTargetsMustBeAutoAttackable>
    </targetingParameters>
  </SquadBehaviour.SquadOrderDef>
</Defs>
