<?xml version="1.0" encoding="utf-8" ?>
<Defs>
  <ThinkTreeDef>
    <defName>AnimalSquadThinkTree</defName>
    <insertTag>Animal_PreMain</insertTag>
    <thinkRoot Class="ThinkNode_Priority">
      <subNodes>

        <!-- 1. If pawn is in a squad -->
        <li Class="SquadBehaviour.ThinkNode_ConditionalIsPartOfASquad">
          <subNodes>
            <!-- 2. If squad is in "Called to Arms" mode -->
            <li Class="SquadBehaviour.ThinkNode_ConditionalIsCalledToArms">
              <subNodes>
                <!-- 2.1 Fetch and execute squad duty -->
                <li Class="SquadBehaviour.ThinkNode_SquadDuty" />

                <!-- if Hosility response is set to Aggresive, check for targets -->
                <li Class="SquadBehaviour.ThinkNode_ConditionalIsAggresive">
                  <subNodes>
                    <li Class="SquadBehaviour.JobGiver_ActivelySearchForTargets" />
                  </subNodes>
                </li>

                <!-- 2.3 If squad has a combat target, attack -->
                <li Class="SquadBehaviour.ThinkNode_ConditionalSquadHasTarget">
                  <subNodes>

                    <!-- If squad member has any useable abilities, use them -->
                    <li Class="SquadBehaviour.ThinkNode_ConditionalSquadMemberCanUseAbilities">
                      <subNodes>
                        <li Class="SquadBehaviour.JobGiver_TryUseAbilities" />
                      </subNodes>
                    </li>
                    <li Class="SquadBehaviour.JobGiver_SummonedCreatureFightEnemy" />
                  </subNodes>
                </li>

                <li Class="SquadBehaviour.ThinkNode_ConditionalIsAggresive">
                  <subNodes>
                    <li Class="SquadBehaviour.JobGiver_StandAndStareShort" />
                  </subNodes>
                </li>

                <!-- 2.4 Formation Behavior -->
                <li Class="SquadBehaviour.ThinkNode_ConditionalIsSquadInFormation">
                  <subNodes>
                    <li Class="SquadBehaviour.ThinkNode_ConditionalIsAtFormationPosition">
                      <subNodes>
                        <li Class="SquadBehaviour.JobGiver_StandAndStareShort" />
                      </subNodes>
                    </li>

                    <li Class="SquadBehaviour.ThinkNode_ConditionalIsAtFormationPosition">
                      <invert>true</invert>
                      <subNodes>
                        <li Class="SquadBehaviour.JobGiver_SquadMemberFollowInFormation" />
                      </subNodes>
                    </li>
                  </subNodes>
                </li>

                <!-- 2.5 Loose Formation (No strict formation) -->
                <li Class="SquadBehaviour.ThinkNode_ConditionalIsSquadInFormation">
                  <invert>true</invert>
                  <subNodes>
                    <li Class="SquadBehaviour.ThinkNode_ConditionalNearSquadLeader">
                      <invert>true</invert>
                      <subNodes>
                        <li Class="SquadBehaviour.JobGiver_SquadMemberFollowLoose" />
                      </subNodes>
                    </li>

                    <li Class="SquadBehaviour.ThinkNode_ConditionalNearSquadLeader">
                      <subNodes>
                        <li Class="SquadBehaviour.JobGiver_StandAndStareShort" />
                      </subNodes>
                    </li>
                  </subNodes>
                </li>

              </subNodes>
            </li>

            <!-- 3. If "Do Nothing" is active -->
            <li Class="SquadBehaviour.ThinkNode_ConditionalShouldDoNothing">
              <subNodes>
                <li Class="SquadBehaviour.JobGiver_StandAndStareShort" />
              </subNodes>
            </li>

          </subNodes>
        </li>

      </subNodes>
    </thinkRoot>
  </ThinkTreeDef>


</Defs>
