<?xml version="1.0" encoding="utf-8"?>
<Patch>
  <Operation Class="PatchOperationInsert">
    <xpath>Defs/ThinkTreeDef[defName="Mechanoid"]/thinkRoot/subNodes/li[@Class="ThinkNode_ConditionalPlayerControlledMech"]/subNodes/li[@Class="ThinkNode_ConditionalNotFormingCaravan"]/subNodes/li[@Class="ThinkNode_ConditionalWorkMode" and @MayRequire="Ludeon.RimWorld.Biotech"][1]</xpath>
    <order>Prepend</order>
    <value>
      <li Class="ThinkNode_Subtree" MayRequire="Ludeon.RimWorld.Biotech">
        <treeDef>MechanoidSquadThinkTree</treeDef>
      </li>
    </value>
  </Operation>
</Patch>
